onset	duration	trial_type	stim_file	stim_file_index	response_time	outcome	note
0.011	0.0	n/a	n/a	n/a	n/a	correct_rejection	n/a
1.009	0.0	n/a	n/a	n/a	n/a	correct_rejection	n/a
2.010	0.0	n/a	n/a	n/a	n/a	correct_rejection	n/a
3.011	0.0	n/a	n/a	n/a	n/a	correct_rejection	n/a
4.011	0.0	n/a	n/a	n/a	0.457	hit	n/a
5.012	0.0	n/a	n/a	n/a	n/a	correct_rejection	n/a
6.012	0.0	n/a	n/a	n/a	n/a	correct_rejection	n/a
7.011	0.0	n/a	n/a	n/a	0.475	hit	n/a
8.012	0.0	n/a	n/a	n/a	n/a	correct_rejection	n/a
9.012	0.0	n/a	n/a	n/a	n/a	correct_rejection	n/a
10.013	0.0	n/a	n/a	n/a	n/a	correct_rejection	n/a
11.014	0.0	n/a	n/a	n/a	n/a	correct_rejection	n/a
12.014	0.0	n/a	n/a	n/a	n/a	correct_rejection	n/a
13.014	0.0	n/a	n/a	n/a	n/a	correct_rejection	n/a
14.014	0.0	n/a	n/a	n/a	n/a	correct_rejection	n/a
15.014	0.0	n/a	n/a	n/a	n/a	correct_rejection	n/a
16.015	0.3	20	task-sfprescaled_stimuli.npy	165	n/a	correct_rejection	n/a
16.515	0.3	20	task-sfprescaled_stimuli.npy	163	n/a	n/a	n/a
17.015	0.3	20	task-sfprescaled_stimuli.npy	167	0.587	hit	n/a
17.514	0.3	20	task-sfprescaled_stimuli.npy	164	n/a	n/a	n/a
18.015	0.3	20	task-sfprescaled_stimuli.npy	161	n/a	correct_rejection	n/a
18.514	0.3	20	task-sfprescaled_stimuli.npy	162	n/a	n/a	n/a
19.015	0.3	20	task-sfprescaled_stimuli.npy	160	n/a	correct_rejection	n/a
19.515	0.3	20	task-sfprescaled_stimuli.npy	166	n/a	n/a	n/a
20.015	0.3	39	task-sfprescaled_stimuli.npy	316	n/a	correct_rejection	n/a
20.515	0.3	39	task-sfprescaled_stimuli.npy	312	n/a	n/a	n/a
21.015	0.3	39	task-sfprescaled_stimuli.npy	315	0.587	hit	n/a
21.515	0.3	39	task-sfprescaled_stimuli.npy	314	n/a	n/a	n/a
22.015	0.3	39	task-sfprescaled_stimuli.npy	318	n/a	correct_rejection	n/a
22.515	0.3	39	task-sfprescaled_stimuli.npy	313	n/a	n/a	n/a
23.015	0.3	39	task-sfprescaled_stimuli.npy	319	n/a	correct_rejection	n/a
23.515	0.3	39	task-sfprescaled_stimuli.npy	317	n/a	n/a	n/a
24.015	0.3	10	task-sfprescaled_stimuli.npy	87	n/a	correct_rejection	n/a
24.515	0.3	10	task-sfprescaled_stimuli.npy	84	n/a	n/a	n/a
25.014	0.3	10	task-sfprescaled_stimuli.npy	86	n/a	correct_rejection	n/a
25.515	0.3	10	task-sfprescaled_stimuli.npy	81	n/a	n/a	n/a
26.015	0.3	10	task-sfprescaled_stimuli.npy	85	n/a	correct_rejection	n/a
26.515	0.3	10	task-sfprescaled_stimuli.npy	82	n/a	n/a	n/a
27.015	0.3	10	task-sfprescaled_stimuli.npy	83	n/a	correct_rejection	n/a
27.515	0.3	10	task-sfprescaled_stimuli.npy	80	n/a	n/a	n/a
28.014	0.3	4	task-sfprescaled_stimuli.npy	32	n/a	correct_rejection	n/a
28.515	0.3	4	task-sfprescaled_stimuli.npy	36	n/a	n/a	n/a
29.014	0.3	4	task-sfprescaled_stimuli.npy	34	n/a	correct_rejection	n/a
29.503	0.3	4	task-sfprescaled_stimuli.npy	35	n/a	n/a	n/a
30.015	0.3	4	task-sfprescaled_stimuli.npy	38	n/a	correct_rejection	n/a
30.503	0.3	4	task-sfprescaled_stimuli.npy	39	n/a	n/a	n/a
31.014	0.3	4	task-sfprescaled_stimuli.npy	37	0.588	hit	n/a
31.503	0.3	4	task-sfprescaled_stimuli.npy	33	n/a	n/a	n/a
32.014	0.3	13	task-sfprescaled_stimuli.npy	104	n/a	correct_rejection	n/a
32.503	0.3	13	task-sfprescaled_stimuli.npy	105	n/a	n/a	n/a
33.015	0.3	13	task-sfprescaled_stimuli.npy	107	n/a	correct_rejection	n/a
33.503	0.3	13	task-sfprescaled_stimuli.npy	109	n/a	n/a	n/a
34.014	0.3	13	task-sfprescaled_stimuli.npy	106	n/a	correct_rejection	n/a
34.504	0.3	13	task-sfprescaled_stimuli.npy	110	n/a	n/a	n/a
35.005	0.3	13	task-sfprescaled_stimuli.npy	108	0.598	hit	n/a
35.504	0.3	13	task-sfprescaled_stimuli.npy	111	n/a	n/a	n/a
36.005	0.3	40	task-sfprescaled_stimuli.npy	326	n/a	correct_rejection	n/a
36.504	0.3	40	task-sfprescaled_stimuli.npy	323	n/a	n/a	n/a
37.005	0.3	40	task-sfprescaled_stimuli.npy	322	n/a	correct_rejection	n/a
37.505	0.3	40	task-sfprescaled_stimuli.npy	325	n/a	n/a	n/a
38.005	0.3	40	task-sfprescaled_stimuli.npy	324	n/a	correct_rejection	n/a
38.505	0.3	40	task-sfprescaled_stimuli.npy	327	n/a	n/a	n/a
39.005	0.3	40	task-sfprescaled_stimuli.npy	321	n/a	correct_rejection	n/a
39.506	0.3	40	task-sfprescaled_stimuli.npy	320	n/a	n/a	n/a
40.006	0.3	0	task-sfprescaled_stimuli.npy	2	n/a	correct_rejection	n/a
40.507	0.3	0	task-sfprescaled_stimuli.npy	5	n/a	n/a	n/a
41.007	0.3	0	task-sfprescaled_stimuli.npy	1	n/a	correct_rejection	n/a
41.506	0.3	0	task-sfprescaled_stimuli.npy	3	n/a	n/a	n/a
42.007	0.3	0	task-sfprescaled_stimuli.npy	6	n/a	correct_rejection	n/a
42.506	0.3	0	task-sfprescaled_stimuli.npy	0	n/a	n/a	n/a
43.007	0.3	0	task-sfprescaled_stimuli.npy	7	n/a	correct_rejection	n/a
43.506	0.3	0	task-sfprescaled_stimuli.npy	4	n/a	n/a	n/a
44.007	0.3	33	task-sfprescaled_stimuli.npy	267	n/a	correct_rejection	n/a
44.509	0.3	33	task-sfprescaled_stimuli.npy	271	n/a	n/a	n/a
45.008	0.3	33	task-sfprescaled_stimuli.npy	264	n/a	correct_rejection	n/a
45.509	0.3	33	task-sfprescaled_stimuli.npy	266	n/a	n/a	n/a
46.008	0.3	33	task-sfprescaled_stimuli.npy	268	n/a	correct_rejection	n/a
46.508	0.3	33	task-sfprescaled_stimuli.npy	265	n/a	n/a	n/a
47.008	0.3	33	task-sfprescaled_stimuli.npy	270	0.605	hit	n/a
47.509	0.3	33	task-sfprescaled_stimuli.npy	269	n/a	n/a	n/a
48.008	0.3	48	task-sfprescaled_stimuli.npy	385	n/a	correct_rejection	blank trial
48.509	0.3	48	task-sfprescaled_stimuli.npy	386	n/a	n/a	blank trial
49.008	0.3	48	task-sfprescaled_stimuli.npy	387	n/a	correct_rejection	blank trial
49.510	0.3	48	task-sfprescaled_stimuli.npy	388	n/a	n/a	blank trial
50.010	0.3	48	task-sfprescaled_stimuli.npy	389	n/a	correct_rejection	blank trial
50.510	0.3	48	task-sfprescaled_stimuli.npy	391	n/a	n/a	blank trial
51.009	0.3	48	task-sfprescaled_stimuli.npy	384	n/a	correct_rejection	blank trial
51.509	0.3	48	task-sfprescaled_stimuli.npy	390	n/a	n/a	blank trial
52.010	0.3	27	task-sfprescaled_stimuli.npy	216	n/a	correct_rejection	n/a
52.511	0.3	27	task-sfprescaled_stimuli.npy	217	n/a	n/a	n/a
53.010	0.3	27	task-sfprescaled_stimuli.npy	218	n/a	correct_rejection	n/a
53.511	0.3	27	task-sfprescaled_stimuli.npy	221	n/a	n/a	n/a
54.011	0.3	27	task-sfprescaled_stimuli.npy	222	n/a	correct_rejection	n/a
54.512	0.3	27	task-sfprescaled_stimuli.npy	220	n/a	n/a	n/a
55.012	0.3	27	task-sfprescaled_stimuli.npy	219	n/a	correct_rejection	n/a
55.513	0.3	27	task-sfprescaled_stimuli.npy	223	n/a	n/a	n/a
56.012	0.3	23	task-sfprescaled_stimuli.npy	186	n/a	correct_rejection	n/a
56.512	0.3	23	task-sfprescaled_stimuli.npy	188	n/a	n/a	n/a
57.012	0.3	23	task-sfprescaled_stimuli.npy	189	0.590	hit	n/a
57.512	0.3	23	task-sfprescaled_stimuli.npy	184	n/a	n/a	n/a
58.012	0.3	23	task-sfprescaled_stimuli.npy	190	n/a	correct_rejection	n/a
58.512	0.3	23	task-sfprescaled_stimuli.npy	187	n/a	n/a	n/a
59.012	0.3	23	task-sfprescaled_stimuli.npy	191	n/a	correct_rejection	n/a
59.514	0.3	23	task-sfprescaled_stimuli.npy	185	n/a	n/a	n/a
60.014	0.3	1	task-sfprescaled_stimuli.npy	8	n/a	correct_rejection	n/a
60.514	0.3	1	task-sfprescaled_stimuli.npy	10	n/a	n/a	n/a
61.014	0.3	1	task-sfprescaled_stimuli.npy	9	n/a	correct_rejection	n/a
61.513	0.3	1	task-sfprescaled_stimuli.npy	12	n/a	n/a	n/a
62.013	0.3	1	task-sfprescaled_stimuli.npy	15	n/a	correct_rejection	n/a
62.513	0.3	1	task-sfprescaled_stimuli.npy	14	n/a	n/a	n/a
63.013	0.3	1	task-sfprescaled_stimuli.npy	13	n/a	correct_rejection	n/a
63.514	0.3	1	task-sfprescaled_stimuli.npy	11	n/a	n/a	n/a
64.014	0.3	34	task-sfprescaled_stimuli.npy	274	n/a	correct_rejection	n/a
64.514	0.3	34	task-sfprescaled_stimuli.npy	277	n/a	n/a	n/a
65.014	0.3	34	task-sfprescaled_stimuli.npy	279	n/a	correct_rejection	n/a
65.514	0.3	34	task-sfprescaled_stimuli.npy	273	n/a	n/a	n/a
66.014	0.3	34	task-sfprescaled_stimuli.npy	276	0.694	hit	n/a
66.514	0.3	34	task-sfprescaled_stimuli.npy	272	n/a	n/a	n/a
67.014	0.3	34	task-sfprescaled_stimuli.npy	278	n/a	correct_rejection	n/a
67.515	0.3	34	task-sfprescaled_stimuli.npy	275	n/a	n/a	n/a
68.014	0.3	2	task-sfprescaled_stimuli.npy	17	0.481	hit	n/a
68.514	0.3	2	task-sfprescaled_stimuli.npy	16	n/a	n/a	n/a
69.014	0.3	2	task-sfprescaled_stimuli.npy	18	n/a	correct_rejection	n/a
69.515	0.3	2	task-sfprescaled_stimuli.npy	22	n/a	n/a	n/a
70.014	0.3	2	task-sfprescaled_stimuli.npy	21	n/a	correct_rejection	n/a
70.515	0.3	2	task-sfprescaled_stimuli.npy	19	n/a	n/a	n/a
71.014	0.3	2	task-sfprescaled_stimuli.npy	20	n/a	correct_rejection	n/a
71.515	0.3	2	task-sfprescaled_stimuli.npy	23	n/a	n/a	n/a
72.014	0.3	38	task-sfprescaled_stimuli.npy	305	n/a	correct_rejection	n/a
72.515	0.3	38	task-sfprescaled_stimuli.npy	307	n/a	n/a	n/a
73.014	0.3	38	task-sfprescaled_stimuli.npy	304	n/a	correct_rejection	n/a
73.515	0.3	38	task-sfprescaled_stimuli.npy	306	n/a	n/a	n/a
74.015	0.3	38	task-sfprescaled_stimuli.npy	309	n/a	correct_rejection	n/a
74.515	0.3	38	task-sfprescaled_stimuli.npy	311	n/a	n/a	n/a
75.014	0.3	38	task-sfprescaled_stimuli.npy	310	n/a	correct_rejection	n/a
75.515	0.3	38	task-sfprescaled_stimuli.npy	308	n/a	n/a	n/a
76.014	0.3	35	task-sfprescaled_stimuli.npy	286	n/a	correct_rejection	n/a
76.515	0.3	35	task-sfprescaled_stimuli.npy	284	n/a	n/a	n/a
77.015	0.3	35	task-sfprescaled_stimuli.npy	281	n/a	correct_rejection	n/a
77.514	0.3	35	task-sfprescaled_stimuli.npy	282	n/a	n/a	n/a
78.014	0.3	35	task-sfprescaled_stimuli.npy	280	n/a	correct_rejection	n/a
78.514	0.3	35	task-sfprescaled_stimuli.npy	285	n/a	n/a	n/a
79.014	0.3	35	task-sfprescaled_stimuli.npy	283	n/a	correct_rejection	n/a
79.503	0.3	35	task-sfprescaled_stimuli.npy	287	n/a	n/a	n/a
80.014	0.3	5	task-sfprescaled_stimuli.npy	42	n/a	correct_rejection	n/a
80.503	0.3	5	task-sfprescaled_stimuli.npy	41	n/a	n/a	n/a
81.014	0.3	5	task-sfprescaled_stimuli.npy	47	n/a	correct_rejection	n/a
81.503	0.3	5	task-sfprescaled_stimuli.npy	46	n/a	n/a	n/a
82.014	0.3	5	task-sfprescaled_stimuli.npy	43	n/a	correct_rejection	n/a
82.503	0.3	5	task-sfprescaled_stimuli.npy	45	n/a	n/a	n/a
83.014	0.3	5	task-sfprescaled_stimuli.npy	40	n/a	correct_rejection	n/a
83.503	0.3	5	task-sfprescaled_stimuli.npy	44	n/a	n/a	n/a
84.004	0.3	48	task-sfprescaled_stimuli.npy	416	n/a	correct_rejection	blank trial
84.504	0.3	48	task-sfprescaled_stimuli.npy	420	n/a	n/a	blank trial
85.005	0.3	48	task-sfprescaled_stimuli.npy	418	n/a	correct_rejection	blank trial
85.504	0.3	48	task-sfprescaled_stimuli.npy	419	n/a	n/a	blank trial
86.005	0.3	48	task-sfprescaled_stimuli.npy	417	n/a	correct_rejection	blank trial
86.505	0.3	48	task-sfprescaled_stimuli.npy	423	n/a	n/a	blank trial
87.004	0.3	48	task-sfprescaled_stimuli.npy	421	n/a	correct_rejection	blank trial
87.505	0.3	48	task-sfprescaled_stimuli.npy	422	n/a	n/a	blank trial
88.005	0.3	41	task-sfprescaled_stimuli.npy	330	n/a	correct_rejection	n/a
88.505	0.3	41	task-sfprescaled_stimuli.npy	335	n/a	n/a	n/a
89.005	0.3	41	task-sfprescaled_stimuli.npy	329	0.604	hit	n/a
89.506	0.3	41	task-sfprescaled_stimuli.npy	332	n/a	n/a	n/a
90.006	0.3	41	task-sfprescaled_stimuli.npy	334	n/a	correct_rejection	n/a
90.506	0.3	41	task-sfprescaled_stimuli.npy	331	n/a	n/a	n/a
91.007	0.3	41	task-sfprescaled_stimuli.npy	328	n/a	correct_rejection	n/a
91.506	0.3	41	task-sfprescaled_stimuli.npy	333	n/a	n/a	n/a
92.007	0.3	47	task-sfprescaled_stimuli.npy	378	n/a	correct_rejection	n/a
92.506	0.3	47	task-sfprescaled_stimuli.npy	377	n/a	n/a	n/a
93.007	0.3	47	task-sfprescaled_stimuli.npy	381	n/a	correct_rejection	n/a
93.506	0.3	47	task-sfprescaled_stimuli.npy	376	n/a	n/a	n/a
94.007	0.3	47	task-sfprescaled_stimuli.npy	379	n/a	correct_rejection	n/a
94.509	0.3	47	task-sfprescaled_stimuli.npy	383	n/a	n/a	n/a
95.008	0.3	47	task-sfprescaled_stimuli.npy	382	0.612	hit	n/a
95.509	0.3	47	task-sfprescaled_stimuli.npy	380	n/a	n/a	n/a
96.008	0.3	24	task-sfprescaled_stimuli.npy	198	n/a	correct_rejection	n/a
96.508	0.3	24	task-sfprescaled_stimuli.npy	193	n/a	n/a	n/a
97.008	0.3	24	task-sfprescaled_stimuli.npy	195	n/a	correct_rejection	n/a
97.509	0.3	24	task-sfprescaled_stimuli.npy	196	n/a	n/a	n/a
98.008	0.3	24	task-sfprescaled_stimuli.npy	194	n/a	correct_rejection	n/a
98.509	0.3	24	task-sfprescaled_stimuli.npy	197	n/a	n/a	n/a
99.008	0.3	24	task-sfprescaled_stimuli.npy	192	n/a	correct_rejection	n/a
99.511	0.3	24	task-sfprescaled_stimuli.npy	199	n/a	n/a	n/a
100.010	0.3	48	task-sfprescaled_stimuli.npy	458	0.695	hit	blank trial
100.511	0.3	48	task-sfprescaled_stimuli.npy	456	n/a	n/a	blank trial
101.011	0.3	48	task-sfprescaled_stimuli.npy	460	n/a	correct_rejection	blank trial
101.510	0.3	48	task-sfprescaled_stimuli.npy	463	n/a	n/a	blank trial
102.009	0.3	48	task-sfprescaled_stimuli.npy	457	n/a	correct_rejection	blank trial
102.510	0.3	48	task-sfprescaled_stimuli.npy	459	n/a	n/a	blank trial
103.011	0.3	48	task-sfprescaled_stimuli.npy	462	0.670	hit	blank trial
103.511	0.3	48	task-sfprescaled_stimuli.npy	461	n/a	n/a	blank trial
104.011	0.3	17	task-sfprescaled_stimuli.npy	137	n/a	correct_rejection	n/a
104.512	0.3	17	task-sfprescaled_stimuli.npy	142	n/a	n/a	n/a
105.012	0.3	17	task-sfprescaled_stimuli.npy	136	n/a	correct_rejection	n/a
105.513	0.3	17	task-sfprescaled_stimuli.npy	143	n/a	n/a	n/a
106.013	0.3	17	task-sfprescaled_stimuli.npy	140	n/a	correct_rejection	n/a
106.512	0.3	17	task-sfprescaled_stimuli.npy	141	n/a	n/a	n/a
107.012	0.3	17	task-sfprescaled_stimuli.npy	138	n/a	correct_rejection	n/a
107.512	0.3	17	task-sfprescaled_stimuli.npy	139	n/a	n/a	n/a
108.012	0.3	30	task-sfprescaled_stimuli.npy	241	n/a	correct_rejection	n/a
108.512	0.3	30	task-sfprescaled_stimuli.npy	242	n/a	n/a	n/a
109.012	0.3	30	task-sfprescaled_stimuli.npy	240	n/a	correct_rejection	n/a
109.513	0.3	30	task-sfprescaled_stimuli.npy	246	n/a	n/a	n/a
110.014	0.3	30	task-sfprescaled_stimuli.npy	243	n/a	correct_rejection	n/a
110.514	0.3	30	task-sfprescaled_stimuli.npy	247	n/a	n/a	n/a
111.014	0.3	30	task-sfprescaled_stimuli.npy	244	n/a	correct_rejection	n/a
111.514	0.3	30	task-sfprescaled_stimuli.npy	245	n/a	n/a	n/a
112.014	0.3	28	task-sfprescaled_stimuli.npy	228	n/a	correct_rejection	n/a
112.514	0.3	28	task-sfprescaled_stimuli.npy	230	n/a	n/a	n/a
113.014	0.3	28	task-sfprescaled_stimuli.npy	225	n/a	correct_rejection	n/a
113.514	0.3	28	task-sfprescaled_stimuli.npy	227	n/a	n/a	n/a
114.014	0.3	28	task-sfprescaled_stimuli.npy	229	n/a	correct_rejection	n/a
114.514	0.3	28	task-sfprescaled_stimuli.npy	231	n/a	n/a	n/a
115.015	0.3	28	task-sfprescaled_stimuli.npy	226	0.588	hit	n/a
115.514	0.3	28	task-sfprescaled_stimuli.npy	224	n/a	n/a	n/a
116.014	0.3	6	task-sfprescaled_stimuli.npy	53	n/a	correct_rejection	n/a
116.514	0.3	6	task-sfprescaled_stimuli.npy	48	n/a	n/a	n/a
117.014	0.3	6	task-sfprescaled_stimuli.npy	55	n/a	correct_rejection	n/a
117.514	0.3	6	task-sfprescaled_stimuli.npy	54	n/a	n/a	n/a
118.014	0.3	6	task-sfprescaled_stimuli.npy	50	0.477	hit	n/a
118.514	0.3	6	task-sfprescaled_stimuli.npy	49	n/a	n/a	n/a
119.014	0.3	6	task-sfprescaled_stimuli.npy	52	n/a	correct_rejection	n/a
119.514	0.3	6	task-sfprescaled_stimuli.npy	51	n/a	n/a	n/a
120.014	0.3	48	task-sfprescaled_stimuli.npy	439	0.589	hit	blank trial
120.514	0.3	48	task-sfprescaled_stimuli.npy	434	n/a	n/a	blank trial
121.014	0.3	48	task-sfprescaled_stimuli.npy	436	n/a	correct_rejection	blank trial
121.514	0.3	48	task-sfprescaled_stimuli.npy	435	n/a	n/a	blank trial
122.014	0.3	48	task-sfprescaled_stimuli.npy	432	n/a	correct_rejection	blank trial
122.514	0.3	48	task-sfprescaled_stimuli.npy	438	n/a	n/a	blank trial
123.014	0.3	48	task-sfprescaled_stimuli.npy	433	n/a	correct_rejection	blank trial
123.513	0.3	48	task-sfprescaled_stimuli.npy	437	n/a	n/a	blank trial
124.014	0.3	7	task-sfprescaled_stimuli.npy	62	n/a	correct_rejection	n/a
124.514	0.3	7	task-sfprescaled_stimuli.npy	58	n/a	n/a	n/a
125.014	0.3	7	task-sfprescaled_stimuli.npy	60	n/a	miss	n/a
125.514	0.3	7	task-sfprescaled_stimuli.npy	59	n/a	n/a	n/a
126.014	0.3	7	task-sfprescaled_stimuli.npy	63	n/a	correct_rejection	n/a
126.514	0.3	7	task-sfprescaled_stimuli.npy	56	n/a	n/a	n/a
127.014	0.3	7	task-sfprescaled_stimuli.npy	61	n/a	correct_rejection	n/a
127.514	0.3	7	task-sfprescaled_stimuli.npy	57	n/a	n/a	n/a
128.014	0.3	44	task-sfprescaled_stimuli.npy	356	n/a	correct_rejection	n/a
128.514	0.3	44	task-sfprescaled_stimuli.npy	358	n/a	n/a	n/a
129.014	0.3	44	task-sfprescaled_stimuli.npy	354	n/a	correct_rejection	n/a
129.503	0.3	44	task-sfprescaled_stimuli.npy	357	n/a	n/a	n/a
130.003	0.3	44	task-sfprescaled_stimuli.npy	353	n/a	correct_rejection	n/a
130.503	0.3	44	task-sfprescaled_stimuli.npy	359	n/a	n/a	n/a
131.003	0.3	44	task-sfprescaled_stimuli.npy	355	n/a	correct_rejection	n/a
131.503	0.3	44	task-sfprescaled_stimuli.npy	352	n/a	n/a	n/a
132.003	0.3	48	task-sfprescaled_stimuli.npy	408	0.599	hit	blank trial
132.503	0.3	48	task-sfprescaled_stimuli.npy	414	n/a	n/a	blank trial
133.003	0.3	48	task-sfprescaled_stimuli.npy	415	n/a	correct_rejection	blank trial
133.503	0.3	48	task-sfprescaled_stimuli.npy	411	n/a	n/a	blank trial
134.003	0.3	48	task-sfprescaled_stimuli.npy	410	n/a	correct_rejection	blank trial
134.504	0.3	48	task-sfprescaled_stimuli.npy	413	n/a	n/a	blank trial
135.004	0.3	48	task-sfprescaled_stimuli.npy	412	n/a	correct_rejection	blank trial
135.505	0.3	48	task-sfprescaled_stimuli.npy	409	n/a	n/a	blank trial
136.005	0.3	8	task-sfprescaled_stimuli.npy	64	n/a	correct_rejection	n/a
136.505	0.3	8	task-sfprescaled_stimuli.npy	67	n/a	n/a	n/a
137.005	0.3	8	task-sfprescaled_stimuli.npy	71	n/a	correct_rejection	n/a
137.505	0.3	8	task-sfprescaled_stimuli.npy	66	n/a	n/a	n/a
138.005	0.3	8	task-sfprescaled_stimuli.npy	69	n/a	correct_rejection	n/a
138.505	0.3	8	task-sfprescaled_stimuli.npy	68	n/a	n/a	n/a
139.004	0.3	8	task-sfprescaled_stimuli.npy	70	n/a	correct_rejection	n/a
139.506	0.3	8	task-sfprescaled_stimuli.npy	65	n/a	n/a	n/a
140.007	0.3	14	task-sfprescaled_stimuli.npy	112	n/a	correct_rejection	n/a
140.506	0.3	14	task-sfprescaled_stimuli.npy	114	n/a	n/a	n/a
141.007	0.3	14	task-sfprescaled_stimuli.npy	115	n/a	correct_rejection	n/a
141.506	0.3	14	task-sfprescaled_stimuli.npy	113	n/a	n/a	n/a
142.007	0.3	14	task-sfprescaled_stimuli.npy	117	n/a	correct_rejection	n/a
142.506	0.3	14	task-sfprescaled_stimuli.npy	118	n/a	n/a	n/a
143.007	0.3	14	task-sfprescaled_stimuli.npy	119	n/a	miss	n/a
143.507	0.3	14	task-sfprescaled_stimuli.npy	116	n/a	n/a	n/a
144.007	0.3	48	task-sfprescaled_stimuli.npy	454	n/a	correct_rejection	blank trial
144.508	0.3	48	task-sfprescaled_stimuli.npy	448	n/a	n/a	blank trial
145.008	0.3	48	task-sfprescaled_stimuli.npy	449	n/a	correct_rejection	blank trial
145.509	0.3	48	task-sfprescaled_stimuli.npy	455	n/a	n/a	blank trial
146.008	0.3	48	task-sfprescaled_stimuli.npy	451	n/a	correct_rejection	blank trial
146.509	0.3	48	task-sfprescaled_stimuli.npy	452	n/a	n/a	blank trial
147.008	0.3	48	task-sfprescaled_stimuli.npy	453	n/a	correct_rejection	blank trial
147.509	0.3	48	task-sfprescaled_stimuli.npy	450	n/a	n/a	blank trial
148.008	0.3	42	task-sfprescaled_stimuli.npy	343	n/a	correct_rejection	n/a
148.509	0.3	42	task-sfprescaled_stimuli.npy	339	n/a	n/a	n/a
149.009	0.3	42	task-sfprescaled_stimuli.npy	337	n/a	correct_rejection	n/a
149.511	0.3	42	task-sfprescaled_stimuli.npy	341	n/a	n/a	n/a
150.010	0.3	42	task-sfprescaled_stimuli.npy	340	n/a	correct_rejection	n/a
150.511	0.3	42	task-sfprescaled_stimuli.npy	342	n/a	n/a	n/a
151.011	0.3	42	task-sfprescaled_stimuli.npy	338	0.686	hit	n/a
151.511	0.3	42	task-sfprescaled_stimuli.npy	336	n/a	n/a	n/a
152.011	0.3	15	task-sfprescaled_stimuli.npy	124	n/a	correct_rejection	n/a
152.510	0.3	15	task-sfprescaled_stimuli.npy	127	n/a	n/a	n/a
153.010	0.3	15	task-sfprescaled_stimuli.npy	123	n/a	correct_rejection	n/a
153.510	0.3	15	task-sfprescaled_stimuli.npy	126	n/a	n/a	n/a
154.011	0.3	15	task-sfprescaled_stimuli.npy	121	n/a	correct_rejection	n/a
154.512	0.3	15	task-sfprescaled_stimuli.npy	122	n/a	n/a	n/a
155.012	0.3	15	task-sfprescaled_stimuli.npy	125	n/a	correct_rejection	n/a
155.512	0.3	15	task-sfprescaled_stimuli.npy	120	n/a	n/a	n/a
156.012	0.3	3	task-sfprescaled_stimuli.npy	31	n/a	correct_rejection	n/a
156.512	0.3	3	task-sfprescaled_stimuli.npy	25	n/a	n/a	n/a
157.012	0.3	3	task-sfprescaled_stimuli.npy	24	n/a	correct_rejection	n/a
157.512	0.3	3	task-sfprescaled_stimuli.npy	28	n/a	n/a	n/a
158.012	0.3	3	task-sfprescaled_stimuli.npy	27	n/a	correct_rejection	n/a
158.512	0.3	3	task-sfprescaled_stimuli.npy	30	n/a	n/a	n/a
159.013	0.3	3	task-sfprescaled_stimuli.npy	26	n/a	correct_rejection	n/a
159.513	0.3	3	task-sfprescaled_stimuli.npy	29	n/a	n/a	n/a
160.014	0.3	25	task-sfprescaled_stimuli.npy	207	n/a	correct_rejection	n/a
160.514	0.3	25	task-sfprescaled_stimuli.npy	205	n/a	n/a	n/a
161.014	0.3	25	task-sfprescaled_stimuli.npy	202	n/a	correct_rejection	n/a
161.514	0.3	25	task-sfprescaled_stimuli.npy	204	n/a	n/a	n/a
162.014	0.3	25	task-sfprescaled_stimuli.npy	206	n/a	correct_rejection	n/a
162.514	0.3	25	task-sfprescaled_stimuli.npy	203	n/a	n/a	n/a
163.014	0.3	25	task-sfprescaled_stimuli.npy	200	n/a	miss	n/a
163.514	0.3	25	task-sfprescaled_stimuli.npy	201	n/a	n/a	n/a
164.014	0.3	48	task-sfprescaled_stimuli.npy	429	n/a	correct_rejection	blank trial
164.514	0.3	48	task-sfprescaled_stimuli.npy	425	n/a	n/a	blank trial
165.014	0.3	48	task-sfprescaled_stimuli.npy	426	n/a	correct_rejection	blank trial
165.514	0.3	48	task-sfprescaled_stimuli.npy	427	n/a	n/a	blank trial
166.014	0.3	48	task-sfprescaled_stimuli.npy	424	n/a	correct_rejection	blank trial
166.514	0.3	48	task-sfprescaled_stimuli.npy	431	n/a	n/a	blank trial
167.013	0.3	48	task-sfprescaled_stimuli.npy	430	n/a	correct_rejection	blank trial
167.514	0.3	48	task-sfprescaled_stimuli.npy	428	n/a	n/a	blank trial
168.014	0.3	9	task-sfprescaled_stimuli.npy	73	n/a	correct_rejection	n/a
168.514	0.3	9	task-sfprescaled_stimuli.npy	72	n/a	n/a	n/a
169.014	0.3	9	task-sfprescaled_stimuli.npy	76	n/a	correct_rejection	n/a
169.514	0.3	9	task-sfprescaled_stimuli.npy	78	n/a	n/a	n/a
170.014	0.3	9	task-sfprescaled_stimuli.npy	75	n/a	correct_rejection	n/a
170.514	0.3	9	task-sfprescaled_stimuli.npy	74	n/a	n/a	n/a
171.014	0.3	9	task-sfprescaled_stimuli.npy	77	n/a	correct_rejection	n/a
171.513	0.3	9	task-sfprescaled_stimuli.npy	79	n/a	n/a	n/a
172.014	0.3	48	task-sfprescaled_stimuli.npy	400	n/a	correct_rejection	blank trial
172.514	0.3	48	task-sfprescaled_stimuli.npy	403	n/a	n/a	blank trial
173.013	0.3	48	task-sfprescaled_stimuli.npy	406	n/a	correct_rejection	blank trial
173.513	0.3	48	task-sfprescaled_stimuli.npy	402	n/a	n/a	blank trial
174.013	0.3	48	task-sfprescaled_stimuli.npy	405	n/a	correct_rejection	blank trial
174.513	0.3	48	task-sfprescaled_stimuli.npy	407	n/a	n/a	blank trial
175.013	0.3	48	task-sfprescaled_stimuli.npy	404	0.599	hit	blank trial
175.513	0.3	48	task-sfprescaled_stimuli.npy	401	n/a	n/a	blank trial
176.014	0.3	32	task-sfprescaled_stimuli.npy	256	n/a	correct_rejection	n/a
176.514	0.3	32	task-sfprescaled_stimuli.npy	260	n/a	n/a	n/a
177.013	0.3	32	task-sfprescaled_stimuli.npy	257	n/a	correct_rejection	n/a
177.514	0.3	32	task-sfprescaled_stimuli.npy	258	n/a	n/a	n/a
178.013	0.3	32	task-sfprescaled_stimuli.npy	263	n/a	correct_rejection	n/a
178.502	0.3	32	task-sfprescaled_stimuli.npy	262	n/a	n/a	n/a
179.014	0.3	32	task-sfprescaled_stimuli.npy	261	n/a	correct_rejection	n/a
179.502	0.3	32	task-sfprescaled_stimuli.npy	259	n/a	n/a	n/a
180.003	0.3	12	task-sfprescaled_stimuli.npy	96	n/a	correct_rejection	n/a
180.503	0.3	12	task-sfprescaled_stimuli.npy	97	n/a	n/a	n/a
181.003	0.3	12	task-sfprescaled_stimuli.npy	102	n/a	correct_rejection	n/a
181.503	0.3	12	task-sfprescaled_stimuli.npy	99	n/a	n/a	n/a
182.003	0.3	12	task-sfprescaled_stimuli.npy	103	n/a	correct_rejection	n/a
182.503	0.3	12	task-sfprescaled_stimuli.npy	98	n/a	n/a	n/a
183.003	0.3	12	task-sfprescaled_stimuli.npy	100	n/a	correct_rejection	n/a
183.503	0.3	12	task-sfprescaled_stimuli.npy	101	n/a	n/a	n/a
184.003	0.3	21	task-sfprescaled_stimuli.npy	175	0.743	hit	n/a
184.503	0.3	21	task-sfprescaled_stimuli.npy	172	n/a	n/a	n/a
185.004	0.3	21	task-sfprescaled_stimuli.npy	169	n/a	correct_rejection	n/a
185.505	0.3	21	task-sfprescaled_stimuli.npy	174	n/a	n/a	n/a
186.004	0.3	21	task-sfprescaled_stimuli.npy	171	n/a	correct_rejection	n/a
186.505	0.3	21	task-sfprescaled_stimuli.npy	170	n/a	n/a	n/a
187.004	0.3	21	task-sfprescaled_stimuli.npy	168	n/a	correct_rejection	n/a
187.505	0.3	21	task-sfprescaled_stimuli.npy	173	n/a	n/a	n/a
188.005	0.3	46	task-sfprescaled_stimuli.npy	368	n/a	correct_rejection	n/a
188.505	0.3	46	task-sfprescaled_stimuli.npy	372	n/a	n/a	n/a
189.004	0.3	46	task-sfprescaled_stimuli.npy	369	0.749	hit	n/a
189.505	0.3	46	task-sfprescaled_stimuli.npy	373	n/a	n/a	n/a
190.007	0.3	46	task-sfprescaled_stimuli.npy	375	n/a	correct_rejection	n/a
190.507	0.3	46	task-sfprescaled_stimuli.npy	371	n/a	n/a	n/a
191.007	0.3	46	task-sfprescaled_stimuli.npy	374	n/a	correct_rejection	n/a
191.506	0.3	46	task-sfprescaled_stimuli.npy	370	n/a	n/a	n/a
192.007	0.3	45	task-sfprescaled_stimuli.npy	366	n/a	correct_rejection	n/a
192.506	0.3	45	task-sfprescaled_stimuli.npy	361	n/a	n/a	n/a
193.007	0.3	45	task-sfprescaled_stimuli.npy	363	n/a	correct_rejection	n/a
193.507	0.3	45	task-sfprescaled_stimuli.npy	360	n/a	n/a	n/a
194.007	0.3	45	task-sfprescaled_stimuli.npy	362	n/a	correct_rejection	n/a
194.508	0.3	45	task-sfprescaled_stimuli.npy	364	n/a	n/a	n/a
195.009	0.3	45	task-sfprescaled_stimuli.npy	367	n/a	correct_rejection	n/a
195.510	0.3	45	task-sfprescaled_stimuli.npy	365	n/a	n/a	n/a
196.009	0.3	48	task-sfprescaled_stimuli.npy	440	n/a	correct_rejection	blank trial
196.510	0.3	48	task-sfprescaled_stimuli.npy	441	n/a	n/a	blank trial
197.008	0.3	48	task-sfprescaled_stimuli.npy	447	n/a	correct_rejection	blank trial
197.509	0.3	48	task-sfprescaled_stimuli.npy	443	n/a	n/a	blank trial
198.008	0.3	48	task-sfprescaled_stimuli.npy	442	n/a	correct_rejection	blank trial
198.509	0.3	48	task-sfprescaled_stimuli.npy	444	n/a	n/a	blank trial
199.010	0.3	48	task-sfprescaled_stimuli.npy	446	n/a	correct_rejection	blank trial
199.509	0.3	48	task-sfprescaled_stimuli.npy	445	n/a	n/a	blank trial
200.011	0.3	18	task-sfprescaled_stimuli.npy	146	n/a	correct_rejection	n/a
200.511	0.3	18	task-sfprescaled_stimuli.npy	148	n/a	n/a	n/a
201.011	0.3	18	task-sfprescaled_stimuli.npy	151	n/a	correct_rejection	n/a
201.510	0.3	18	task-sfprescaled_stimuli.npy	149	n/a	n/a	n/a
202.010	0.3	18	task-sfprescaled_stimuli.npy	147	n/a	correct_rejection	n/a
202.510	0.3	18	task-sfprescaled_stimuli.npy	150	n/a	n/a	n/a
203.011	0.3	18	task-sfprescaled_stimuli.npy	145	n/a	correct_rejection	n/a
203.510	0.3	18	task-sfprescaled_stimuli.npy	144	n/a	n/a	n/a
204.011	0.3	16	task-sfprescaled_stimuli.npy	135	0.619	hit	n/a
204.510	0.3	16	task-sfprescaled_stimuli.npy	131	n/a	n/a	n/a
205.012	0.3	16	task-sfprescaled_stimuli.npy	132	n/a	correct_rejection	n/a
205.513	0.3	16	task-sfprescaled_stimuli.npy	128	n/a	n/a	n/a
206.013	0.3	16	task-sfprescaled_stimuli.npy	129	n/a	correct_rejection	n/a
206.513	0.3	16	task-sfprescaled_stimuli.npy	134	n/a	n/a	n/a
207.012	0.3	16	task-sfprescaled_stimuli.npy	130	n/a	correct_rejection	n/a
207.513	0.3	16	task-sfprescaled_stimuli.npy	133	n/a	n/a	n/a
208.012	0.3	31	task-sfprescaled_stimuli.npy	255	0.591	hit	n/a
208.512	0.3	31	task-sfprescaled_stimuli.npy	252	n/a	n/a	n/a
209.013	0.3	31	task-sfprescaled_stimuli.npy	253	n/a	correct_rejection	n/a
209.513	0.3	31	task-sfprescaled_stimuli.npy	250	n/a	n/a	n/a
210.013	0.3	31	task-sfprescaled_stimuli.npy	254	0.440	hit	n/a
210.514	0.3	31	task-sfprescaled_stimuli.npy	251	n/a	n/a	n/a
211.013	0.3	31	task-sfprescaled_stimuli.npy	248	n/a	correct_rejection	n/a
211.514	0.3	31	task-sfprescaled_stimuli.npy	249	n/a	n/a	n/a
212.013	0.3	37	task-sfprescaled_stimuli.npy	298	n/a	correct_rejection	n/a
212.514	0.3	37	task-sfprescaled_stimuli.npy	296	n/a	n/a	n/a
213.013	0.3	37	task-sfprescaled_stimuli.npy	301	n/a	correct_rejection	n/a
213.513	0.3	37	task-sfprescaled_stimuli.npy	300	n/a	n/a	n/a
214.013	0.3	37	task-sfprescaled_stimuli.npy	302	0.423	hit	n/a
214.513	0.3	37	task-sfprescaled_stimuli.npy	297	n/a	n/a	n/a
215.013	0.3	37	task-sfprescaled_stimuli.npy	299	n/a	correct_rejection	n/a
215.513	0.3	37	task-sfprescaled_stimuli.npy	303	n/a	n/a	n/a
216.013	0.3	26	task-sfprescaled_stimuli.npy	213	n/a	correct_rejection	n/a
216.513	0.3	26	task-sfprescaled_stimuli.npy	208	n/a	n/a	n/a
217.013	0.3	26	task-sfprescaled_stimuli.npy	211	n/a	correct_rejection	n/a
217.512	0.3	26	task-sfprescaled_stimuli.npy	209	n/a	n/a	n/a
218.013	0.3	26	task-sfprescaled_stimuli.npy	214	n/a	correct_rejection	n/a
218.513	0.3	26	task-sfprescaled_stimuli.npy	210	n/a	n/a	n/a
219.013	0.3	26	task-sfprescaled_stimuli.npy	215	0.481	hit	n/a
219.512	0.3	26	task-sfprescaled_stimuli.npy	212	n/a	n/a	n/a
220.013	0.3	43	task-sfprescaled_stimuli.npy	347	n/a	correct_rejection	n/a
220.513	0.3	43	task-sfprescaled_stimuli.npy	345	n/a	n/a	n/a
221.013	0.3	43	task-sfprescaled_stimuli.npy	348	0.448	hit	n/a
221.513	0.3	43	task-sfprescaled_stimuli.npy	351	n/a	n/a	n/a
222.013	0.3	43	task-sfprescaled_stimuli.npy	350	n/a	correct_rejection	n/a
222.513	0.3	43	task-sfprescaled_stimuli.npy	349	n/a	n/a	n/a
223.013	0.3	43	task-sfprescaled_stimuli.npy	346	n/a	correct_rejection	n/a
223.513	0.3	43	task-sfprescaled_stimuli.npy	344	n/a	n/a	n/a
224.013	0.3	29	task-sfprescaled_stimuli.npy	237	n/a	miss	n/a
224.513	0.3	29	task-sfprescaled_stimuli.npy	236	n/a	n/a	n/a
225.013	0.3	29	task-sfprescaled_stimuli.npy	235	n/a	correct_rejection	n/a
225.513	0.3	29	task-sfprescaled_stimuli.npy	232	n/a	n/a	n/a
226.013	0.3	29	task-sfprescaled_stimuli.npy	238	n/a	correct_rejection	n/a
226.503	0.3	29	task-sfprescaled_stimuli.npy	234	n/a	n/a	n/a
227.013	0.3	29	task-sfprescaled_stimuli.npy	239	0.470	false_alarm	n/a
227.503	0.3	29	task-sfprescaled_stimuli.npy	233	n/a	n/a	n/a
228.013	0.3	19	task-sfprescaled_stimuli.npy	152	n/a	correct_rejection	n/a
228.503	0.3	19	task-sfprescaled_stimuli.npy	154	n/a	n/a	n/a
229.013	0.3	19	task-sfprescaled_stimuli.npy	155	n/a	correct_rejection	n/a
229.503	0.3	19	task-sfprescaled_stimuli.npy	156	n/a	n/a	n/a
230.003	0.3	19	task-sfprescaled_stimuli.npy	157	n/a	correct_rejection	n/a
230.503	0.3	19	task-sfprescaled_stimuli.npy	159	n/a	n/a	n/a
231.003	0.3	19	task-sfprescaled_stimuli.npy	153	n/a	correct_rejection	n/a
231.503	0.3	19	task-sfprescaled_stimuli.npy	158	n/a	n/a	n/a
232.003	0.3	36	task-sfprescaled_stimuli.npy	295	n/a	correct_rejection	n/a
232.503	0.3	36	task-sfprescaled_stimuli.npy	293	n/a	n/a	n/a
233.003	0.3	36	task-sfprescaled_stimuli.npy	292	n/a	correct_rejection	n/a
233.504	0.3	36	task-sfprescaled_stimuli.npy	291	n/a	n/a	n/a
234.003	0.3	36	task-sfprescaled_stimuli.npy	290	n/a	correct_rejection	n/a
234.504	0.3	36	task-sfprescaled_stimuli.npy	294	n/a	n/a	n/a
235.005	0.3	36	task-sfprescaled_stimuli.npy	289	n/a	correct_rejection	n/a
235.505	0.3	36	task-sfprescaled_stimuli.npy	288	n/a	n/a	n/a
236.005	0.3	48	task-sfprescaled_stimuli.npy	393	n/a	correct_rejection	blank trial
236.505	0.3	48	task-sfprescaled_stimuli.npy	398	n/a	n/a	blank trial
237.005	0.3	48	task-sfprescaled_stimuli.npy	396	n/a	correct_rejection	blank trial
237.505	0.3	48	task-sfprescaled_stimuli.npy	395	n/a	n/a	blank trial
238.006	0.3	48	task-sfprescaled_stimuli.npy	399	n/a	correct_rejection	blank trial
238.505	0.3	48	task-sfprescaled_stimuli.npy	397	n/a	n/a	blank trial
239.006	0.3	48	task-sfprescaled_stimuli.npy	392	n/a	correct_rejection	blank trial
239.505	0.3	48	task-sfprescaled_stimuli.npy	394	n/a	n/a	blank trial
240.007	0.3	22	task-sfprescaled_stimuli.npy	182	n/a	correct_rejection	n/a
240.507	0.3	22	task-sfprescaled_stimuli.npy	183	n/a	n/a	n/a
241.007	0.3	22	task-sfprescaled_stimuli.npy	179	n/a	correct_rejection	n/a
241.507	0.3	22	task-sfprescaled_stimuli.npy	177	n/a	n/a	n/a
242.007	0.3	22	task-sfprescaled_stimuli.npy	178	0.492	hit	n/a
242.507	0.3	22	task-sfprescaled_stimuli.npy	181	n/a	n/a	n/a
243.007	0.3	22	task-sfprescaled_stimuli.npy	180	n/a	correct_rejection	n/a
243.506	0.3	22	task-sfprescaled_stimuli.npy	176	n/a	n/a	n/a
244.007	0.3	11	task-sfprescaled_stimuli.npy	88	n/a	correct_rejection	n/a
244.508	0.3	11	task-sfprescaled_stimuli.npy	94	n/a	n/a	n/a
245.008	0.3	11	task-sfprescaled_stimuli.npy	95	n/a	correct_rejection	n/a
245.509	0.3	11	task-sfprescaled_stimuli.npy	91	n/a	n/a	n/a
246.008	0.3	11	task-sfprescaled_stimuli.npy	93	n/a	correct_rejection	n/a
246.509	0.3	11	task-sfprescaled_stimuli.npy	89	n/a	n/a	n/a
247.010	0.3	11	task-sfprescaled_stimuli.npy	92	n/a	correct_rejection	n/a
247.509	0.3	11	task-sfprescaled_stimuli.npy	90	n/a	n/a	n/a
248.010	0.0	n/a	n/a	n/a	n/a	correct_rejection	n/a
249.010	0.0	n/a	n/a	n/a	n/a	correct_rejection	n/a
250.011	0.0	n/a	n/a	n/a	n/a	correct_rejection	n/a
251.011	0.0	n/a	n/a	n/a	n/a	correct_rejection	n/a
252.010	0.0	n/a	n/a	n/a	n/a	correct_rejection	n/a
253.011	0.0	n/a	n/a	n/a	n/a	correct_rejection	n/a
254.011	0.0	n/a	n/a	n/a	n/a	miss	n/a
255.012	0.0	n/a	n/a	n/a	n/a	correct_rejection	n/a
256.013	0.0	n/a	n/a	n/a	n/a	correct_rejection	n/a
257.012	0.0	n/a	n/a	n/a	n/a	correct_rejection	n/a
258.013	0.0	n/a	n/a	n/a	0.664	hit	n/a
259.013	0.0	n/a	n/a	n/a	n/a	correct_rejection	n/a
260.013	0.0	n/a	n/a	n/a	n/a	correct_rejection	n/a
261.013	0.0	n/a	n/a	n/a	n/a	correct_rejection	n/a
262.013	0.0	n/a	n/a	n/a	n/a	correct_rejection	n/a
263.013	0.0	n/a	n/a	n/a	n/a	correct_rejection	n/a
